Bulbasaur,1,Grass,Poison,FALSE,FALSE,45,49,49,65,65,45,318,53
Ivysaur,2,Grass,Poison,FALSE,FALSE,60,62,63,80,80,60,405,68
Venusaur,3,Grass,Poison,TRUE,TRUE,80,82,83,100,100,80,525,88
Charmander,4,Fire,,FALSE,FALSE,39,52,43,60,50,65,309,52
Charmeleon,5,Fire,,FALSE,FALSE,58,64,58,80,65,80,405,68
Charizard,6,Fire,Flying,TRUE,TRUE,78,84,78,109,85,100,534,89
Squirtle,7,Water,,FALSE,FALSE,44,48,65,50,64,43,314,52
Wartortle,8,Water,,FALSE,FALSE,59,63,80,65,80,58,405,68
Blastoise,9,Water,,TRUE,TRUE,79,83,100,85,105,78,530,88
Caterpie,10,Bug,,FALSE,FALSE,45,30,35,20,20,45,195,33
Metapod,11,Bug,,FALSE,FALSE,50,20,55,25,25,30,205,34
Butterfree,12,Bug,Flying,TRUE,FALSE,60,45,50,90,80,70,395,66
Weedle,13,Bug,Poison,FALSE,FALSE,40,35,30,20,20,50,195,33
Kakuna,14,Bug,Poison,FALSE,FALSE,45,25,50,25,25,35,205,34
Beedrill,15,Bug,Poison,TRUE,TRUE,65,90,40,45,80,75,395,66
Pidgey,16,Normal,Flying,FALSE,FALSE,40,45,40,35,35,56,251,42
Pidgeotto,17,Normal,Flying,FALSE,FALSE,63,60,55,50,50,71,349,58
Pidgeot,18,Normal,Flying,TRUE,TRUE,83,80,75,70,70,101,479,80
Rattata,19,Normal,,FALSE,FALSE,30,56,35,25,35,72,253,42
Raticate,20,Normal,,TRUE,FALSE,55,81,60,50,70,97,413,69
Spearow,21,Normal,Flying,FALSE,FALSE,40,60,30,31,31,70,262,44
Fearow,22,Normal,Flying,TRUE,FALSE,65,90,65,61,61,100,442,74
Ekans,23,Poison,,FALSE,FALSE,35,60,44,40,54,55,288,48
Arbok,24,Poison,,TRUE,FALSE,60,85,69,65,79,80,438,73
Pikachu,25,Electric,,FALSE,FALSE,35,55,40,50,50,90,320,53
Raichu,26,Electric,,TRUE,FALSE,60,90,55,90,80,110,485,81
Sandshrew,27,Ground,,FALSE,FALSE,50,75,85,20,30,40,300,50
Sandslash,28,Ground,,TRUE,FALSE,75,100,110,45,55,65,450,75
Nidoran-F,29,Poison,,FALSE,FALSE,55,47,52,40,40,41,275,46
Nidorina,30,Poison,,FALSE,FALSE,70,62,67,55,55,56,365,61
Nidoqueen,31,Poison,Ground,TRUE,FALSE,90,92,87,75,85,76,505,84
Nidoran-M,32,Poison,,FALSE,FALSE,46,57,40,40,40,50,273,46
Nidorino,33,Poison,,FALSE,FALSE,61,72,57,55,55,65,365,61
Nidoking,34,Poison,Ground,TRUE,FALSE,81,102,77,85,75,85,505,84
Clefairy,35,Fairy,,FALSE,FALSE,70,45,48,60,65,35,323,54
Clefable,36,Fairy,,TRUE,FALSE,95,70,73,95,90,60,483,81
Vulpix,37,Fire,,FALSE,FALSE,38,41,40,50,65,65,299,50
Ninetales,38,Fire,,TRUE,FALSE,73,76,75,81,100,100,505,84
Jigglypuff,39,Normal,Fairy,FALSE,FALSE,115,45,20,45,25,20,270,45
Wigglytuff,40,Normal,Fairy,TRUE,FALSE,140,70,45,85,50,45,435,73
Zubat,41,Poison,Flying,FALSE,FALSE,40,45,35,30,40,55,245,41
Golbat,42,Poison,Flying,FALSE,FALSE,75,80,70,65,75,90,455,76
Oddish,43,Grass,Poison,FALSE,FALSE,45,50,55,75,65,30,320,53
Gloom,44,Grass,Poison,FALSE,FALSE,60,65,70,85,75,40,395,66
Vileplume,45,Grass,Poison,TRUE,FALSE,75,80,85,110,90,50,490,82
Paras,46,Bug,Grass,FALSE,FALSE,35,70,55,45,55,25,285,48
Parasect,47,Bug,Grass,TRUE,FALSE,60,95,80,60,80,30,405,68
Venonat,48,Bug,Poison,FALSE,FALSE,60,55,50,40,55,45,305,51
Venomoth,49,Bug,Poison,TRUE,FALSE,70,65,60,90,75,90,450,75
Diglett,50,Ground,,FALSE,FALSE,10,55,25,35,45,95,265,44
Dugtrio,51,Ground,,TRUE,FALSE,35,80,50,50,70,120,405,68
Meowth,52,Normal,,FALSE,FALSE,40,45,35,40,40,90,290,48
Persian,53,Normal,,TRUE,FALSE,65,70,60,65,65,115,440,73
Psyduck,54,Water,,FALSE,FALSE,50,52,48,65,50,55,320,53
Golduck,55,Water,,TRUE,FALSE,80,82,78,95,80,85,500,83
Mankey,56,Fighting,,FALSE,FALSE,40,80,35,35,45,70,305,51
Primeape,57,Fighting,,TRUE,FALSE,65,105,60,60,70,95,455,76
Growlithe,58,Fire,,FALSE,FALSE,55,70,45,70,50,60,350,58
Arcanine,59,Fire,,TRUE,FALSE,90,110,80,100,80,95,555,93
Poliwag,60,Water,,FALSE,FALSE,40,50,40,40,40,90,300,50
Poliwhirl,61,Water,,FALSE,FALSE,65,65,65,50,50,90,385,64
Poliwrath,62,Water,Fighting,TRUE,FALSE,90,95,95,70,90,70,510,85
Abra,63,Psychic,,FALSE,FALSE,25,20,15,105,55,90,310,52
Kadabra,64,Psychic,,FALSE,FALSE,40,35,30,120,70,105,400,67
Alakazam,65,Psychic,,TRUE,TRUE,55,50,45,135,95,120,500,83
Machop,66,Fighting,,FALSE,FALSE,70,80,50,35,35,35,305,51
Machoke,67,Fighting,,FALSE,FALSE,80,100,70,50,60,45,405,68
Machamp,68,Fighting,,TRUE,FALSE,90,130,80,65,85,55,505,84
Bellsprout,69,Grass,Poison,FALSE,FALSE,50,75,35,70,30,40,300,50
Weepinbell,70,Grass,Poison,FALSE,FALSE,65,90,50,85,45,55,390,65
Victreebel,71,Grass,Poison,TRUE,FALSE,80,105,65,100,70,70,490,82
Tentacool,72,Water,Poison,FALSE,FALSE,40,40,35,50,100,70,335,56
Tentacruel,73,Water,Poison,TRUE,FALSE,80,70,65,80,120,100,515,86
Geodude,74,Rock,Ground,FALSE,FALSE,40,80,100,30,30,20,300,50
Graveler,75,Rock,Ground,FALSE,FALSE,55,95,115,45,45,35,390,65
Golem,76,Rock,Ground,TRUE,FALSE,80,120,130,55,65,45,495,83
Ponyta,77,Fire,,FALSE,FALSE,50,85,55,65,65,90,410,68
Rapidash,78,Fire,,TRUE,FALSE,65,100,70,80,80,105,500,83
Slowpoke,79,Water,Psychic,FALSE,FALSE,90,65,65,40,40,15,315,53
Slowbro,80,Water,Psychic,TRUE,TRUE,95,75,110,100,80,30,490,82
Magnemite,81,Electric,Steel,FALSE,FALSE,25,35,70,95,55,45,325,54
Magneton,82,Electric,Steel,FALSE,FALSE,50,60,95,120,70,70,465,78
Farfetchd,83,Normal,Flying,TRUE,FALSE,52,65,55,58,62,60,352,59
Doduo,84,Normal,Flying,FALSE,FALSE,35,85,45,35,35,75,310,52
Dodrio,85,Normal,Flying,TRUE,FALSE,60,110,70,60,60,100,460,77
Seel,86,Water,,FALSE,FALSE,65,45,55,45,70,45,325,54
Dewgong,87,Water,Ice,TRUE,FALSE,90,70,80,70,95,70,475,79
Grimer,88,Poison,,FALSE,FALSE,80,80,50,40,50,25,325,54
Muk,89,Poison,,TRUE,FALSE,105,105,75,65,100,50,500,83
Shellder,90,Water,,FALSE,FALSE,30,65,100,45,25,40,305,51
Cloyster,91,Water,Ice,TRUE,FALSE,50,95,180,85,45,70,525,88
Gastly,92,Ghost,Poison,FALSE,FALSE,30,35,30,100,35,80,310,52
Haunter,93,Ghost,Poison,FALSE,FALSE,45,50,45,115,55,95,405,68
Gengar,94,Ghost,Poison,TRUE,TRUE,60,65,60,130,75,110,500,83
Onix,95,Rock,Ground,FALSE,FALSE,35,45,160,30,45,70,385,64
Drowzee,96,Psychic,,FALSE,FALSE,60,48,45,43,90,42,328,55
Hypno,97,Psychic,,TRUE,FALSE,85,73,70,73,115,67,483,81
Krabby,98,Water,,FALSE,FALSE,30,105,90,25,25,50,325,54
Kingler,99,Water,,TRUE,FALSE,55,130,115,50,50,75,475,79
Voltorb,100,Electric,,FALSE,FALSE,40,30,50,55,55,100,330,55
Electrode,101,Electric,,TRUE,FALSE,60,50,70,80,80,140,480,80
Exeggcute,102,Grass,Psychic,FALSE,FALSE,60,40,80,60,45,40,325,54
Exeggutor,103,Grass,Psychic,TRUE,FALSE,95,95,85,125,65,55,520,87
Cubone,104,Ground,,FALSE,FALSE,50,50,95,40,50,35,320,53
Marowak,105,Ground,,TRUE,FALSE,60,80,110,50,80,45,425,71
Hitmonlee,106,Fighting,,TRUE,FALSE,50,120,53,35,110,87,455,76
Hitmonchan,107,Fighting,,TRUE,FALSE,50,105,79,35,110,76,455,76
Lickitung,108,Normal,,FALSE,FALSE,90,55,75,60,75,30,385,64
Koffing,109,Poison,,FALSE,FALSE,40,65,95,60,45,35,340,57
Weezing,110,Poison,,TRUE,FALSE,65,90,120,85,70,60,490,82
Rhyhorn,111,Ground,Rock,FALSE,FALSE,80,85,95,30,30,25,345,58
Rhydon,112,Ground,Rock,FALSE,FALSE,105,130,120,45,45,40,485,81
Chansey,113,Normal,,FALSE,FALSE,250,5,5,35,105,50,450,75
Tangela,114,Grass,,FALSE,FALSE,65,55,115,100,40,60,435,73
Kangaskhan,115,Normal,,TRUE,TRUE,105,95,80,40,80,90,490,82
Horsea,116,Water,,FALSE,FALSE,30,40,70,70,25,60,295,49
Seadra,117,Water,,FALSE,FALSE,55,65,95,95,45,85,440,73
Goldeen,118,Water,,FALSE,FALSE,45,67,60,35,50,63,320,53
Seaking,119,Water,,TRUE,FALSE,80,92,65,65,80,68,450,75
Staryu,120,Water,,FALSE,FALSE,30,45,55,70,55,85,340,57
Starmie,121,Water,Psychic,TRUE,FALSE,60,75,85,100,85,115,520,87
Mr-Mime,122,Psychic,,TRUE,FALSE,40,45,65,100,120,90,460,77
Scyther,123,Bug,Flying,FALSE,FALSE,70,110,80,55,80,105,500,83
Jynx,124,Ice,Psychic,TRUE,FALSE,65,50,35,115,95,95,455,76
Electabuzz,125,Electric,,FALSE,FALSE,65,83,57,95,85,105,490,82
Magmar,126,Fire,,FALSE,FALSE,65,95,57,100,85,93,495,83
Pinsir,127,Bug,,TRUE,TRUE,65,125,100,55,70,85,500,83
Tauros,128,Normal,,TRUE,FALSE,75,100,95,40,70,110,490,82
Magikarp,129,Water,,FALSE,FALSE,20,10,55,15,20,80,200,33
Gyarados,130,Water,Flying,TRUE,TRUE,95,125,79,60,100,81,540,90
Lapras,131,Water,Ice,TRUE,FALSE,130,85,80,85,95,60,535,89
Ditto,132,Normal,,TRUE,FALSE,48,48,48,48,48,48,288,48
Eevee,133,Normal,,FALSE,FALSE,55,55,50,45,65,55,325,54
Vaporeon,134,Water,,TRUE,FALSE,130,65,60,110,95,65,525,88
Jolteon,135,Electric,,TRUE,FALSE,65,65,60,110,95,130,525,88
Flareon,136,Fire,,TRUE,FALSE,65,130,60,95,110,65,525,88
Porygon,137,Normal,,FALSE,FALSE,65,60,70,85,75,40,395,66
Omanyte,138,Rock,Water,FALSE,FALSE,35,40,100,90,55,35,355,59
Omastar,139,Rock,Water,TRUE,FALSE,70,60,125,115,70,55,495,83
Kabuto,140,Rock,Water,FALSE,FALSE,30,80,90,55,45,55,355,59
Kabutops,141,Rock,Water,TRUE,FALSE,60,115,105,65,70,80,495,83
Aerodactyl,142,Rock,Flying,TRUE,TRUE,80,105,65,60,75,130,515,86
Snorlax,143,Normal,,TRUE,FALSE,160,110,65,65,110,30,540,90
Articuno,144,Ice,Flying,TRUE,FALSE,90,85,100,95,125,85,580,97
Zapdos,145,Electric,Flying,TRUE,FALSE,90,90,85,125,90,100,580,97
Moltres,146,Fire,Flying,TRUE,FALSE,90,100,90,125,85,90,580,97
Dratini,147,Dragon,,FALSE,FALSE,41,64,45,50,50,50,300,50
Dragonair,148,Dragon,,FALSE,FALSE,61,84,65,70,70,70,420,70
Dragonite,149,Dragon,Flying,TRUE,FALSE,91,134,95,100,100,80,600,100
Mewtwo,150,Psychic,,TRUE,TRUE,106,110,90,154,90,130,680,113
Mew,151,Psychic,,TRUE,FALSE,100,100,100,100,100,100,600,100
Chikorita,152,Grass,,FALSE,FALSE,45,49,65,49,65,45,318,53
Bayleef,153,Grass,,FALSE,FALSE,60,62,80,63,80,60,405,68
Meganium,154,Grass,,TRUE,FALSE,80,82,100,83,100,80,525,88
Cyndaquil,155,Fire,,FALSE,FALSE,39,52,43,60,50,65,309,52
Quilava,156,Fire,,FALSE,FALSE,58,64,58,80,65,80,405,68
Typhlosion,157,Fire,,TRUE,FALSE,78,84,78,109,85,100,534,89
Totodile,158,Water,,FALSE,FALSE,50,65,64,44,48,43,314,52
Croconaw,159,Water,,FALSE,FALSE,65,80,80,59,63,58,405,68
Feraligatr,160,Water,,TRUE,FALSE,85,105,100,79,83,78,530,88
Sentret,161,Normal,,FALSE,FALSE,35,46,34,35,45,20,215,36
Furret,162,Normal,,TRUE,FALSE,85,76,64,45,55,90,415,69
Hoothoot,163,Normal,Flying,FALSE,FALSE,60,30,30,36,56,50,262,44
Noctowl,164,Normal,Flying,TRUE,FALSE,100,50,50,76,96,70,442,74
Ledyba,165,Bug,Flying,FALSE,FALSE,40,20,30,40,80,55,265,44
Ledian,166,Bug,Flying,TRUE,FALSE,55,35,50,55,110,85,390,65
Spinarak,167,Bug,Poison,FALSE,FALSE,40,60,40,40,40,30,250,42
Ariados,168,Bug,Poison,TRUE,FALSE,70,90,70,60,60,40,390,65
Crobat,169,Poison,Flying,TRUE,FALSE,85,90,80,70,80,130,535,89
Chinchou,170,Water,Electric,FALSE,FALSE,75,38,38,56,56,67,330,55
Lanturn,171,Water,Electric,TRUE,FALSE,125,58,58,76,76,67,460,77
Pichu,172,Electric,,FALSE,FALSE,20,40,15,35,35,60,205,34
Cleffa,173,Fairy,,FALSE,FALSE,50,25,28,45,55,15,218,36
Igglybuff,174,Normal,Fairy,FALSE,FALSE,90,30,15,40,20,15,210,35
Togepi,175,Fairy,,FALSE,FALSE,35,20,65,40,65,20,245,41
Togetic,176,Fairy,Flying,FALSE,FALSE,55,40,85,80,105,40,405,68
Natu,177,Psychic,Flying,FALSE,FALSE,40,50,45,70,45,70,320,53
Xatu,178,Psychic,Flying,TRUE,FALSE,65,75,70,95,70,95,470,78
Mareep,179,Electric,,FALSE,FALSE,55,40,40,65,45,35,280,47
Flaaffy,180,Electric,,FALSE,FALSE,70,55,55,80,60,45,365,61
Ampharos,181,Electric,,TRUE,TRUE,90,75,85,115,90,55,510,85
Bellossom,182,Grass,,TRUE,FALSE,75,80,95,90,100,50,490,82
Marill,183,Water,Fairy,FALSE,FALSE,70,20,50,20,50,40,250,42
Azumarill,184,Water,Fairy,TRUE,FALSE,100,50,80,60,80,50,420,70
Sudowoodo,185,Rock,,TRUE,FALSE,70,100,115,30,65,30,410,68
Politoed,186,Water,,TRUE,FALSE,90,75,75,90,100,70,500,83
Hoppip,187,Grass,Flying,FALSE,FALSE,35,35,40,35,55,50,250,42
Skiploom,188,Grass,Flying,FALSE,FALSE,55,45,50,45,65,80,340,57
Jumpluff,189,Grass,Flying,TRUE,FALSE,75,55,70,55,95,110,460,77
Aipom,190,Normal,,FALSE,FALSE,55,70,55,40,55,85,360,60
Sunkern,191,Grass,,FALSE,FALSE,30,30,30,30,30,30,180,30
Sunflora,192,Grass,,TRUE,FALSE,75,75,55,105,85,30,425,71
Yanma,193,Bug,Flying,FALSE,FALSE,65,65,45,75,45,95,390,65
Wooper,194,Water,Ground,FALSE,FALSE,55,45,45,25,25,15,210,35
Quagsire,195,Water,Ground,TRUE,FALSE,95,85,85,65,65,35,430,72
Espeon,196,Psychic,,TRUE,FALSE,65,65,60,130,95,110,525,88
Umbreon,197,Dark,,TRUE,FALSE,95,65,110,60,130,65,525,88
Murkrow,198,Dark,Flying,FALSE,FALSE,60,85,42,85,42,91,405,68
Slowking,199,Water,Psychic,TRUE,FALSE,95,75,80,100,110,30,490,82
Misdreavus,200,Ghost,,FALSE,FALSE,60,60,60,85,85,85,435,73
Unown,201,Psychic,,TRUE,FALSE,48,72,48,72,48,48,336,56
Wobbuffet,202,Psychic,,TRUE,FALSE,190,33,58,33,58,33,405,68
Girafarig,203,Normal,Psychic,TRUE,FALSE,70,80,65,90,65,85,455,76
Pineco,204,Bug,,FALSE,FALSE,50,65,90,35,35,15,290,48
Forretress,205,Bug,Steel,TRUE,FALSE,75,90,140,60,60,40,465,78
Dunsparce,206,Normal,,TRUE,FALSE,100,70,70,65,65,45,415,69
Gligar,207,Ground,Flying,FALSE,FALSE,65,75,105,35,65,85,430,72
Steelix,208,Steel,Ground,TRUE,TRUE,75,85,200,55,65,30,510,85
Snubbull,209,Fairy,,FALSE,FALSE,60,80,50,40,40,30,300,50
Granbull,210,Fairy,,TRUE,FALSE,90,120,75,60,60,45,450,75
Qwilfish,211,Water,Poison,FALSE,FALSE,65,95,75,55,55,85,430,72
Scizor,212,Bug,Steel,TRUE,TRUE,70,130,100,55,80,65,500,83
Shuckle,213,Bug,Rock,TRUE,FALSE,20,10,230,10,230,5,505,84
Heracross,214,Bug,Fighting,TRUE,TRUE,80,125,75,40,95,85,500,83
Sneasel,215,Dark,Ice,FALSE,FALSE,55,95,55,35,75,115,430,72
Teddiursa,216,Normal,,FALSE,FALSE,60,80,50,50,50,40,330,55
Ursaring,217,Normal,,TRUE,FALSE,90,130,75,75,75,55,500,83
Slugma,218,Fire,,FALSE,FALSE,40,40,40,70,40,20,250,42
Magcargo,219,Fire,Rock,TRUE,FALSE,50,50,120,80,80,30,410,68
Swinub,220,Ice,Ground,FALSE,FALSE,50,50,40,30,30,50,250,42
Piloswine,221,Ice,Ground,TRUE,FALSE,100,100,80,60,60,50,450,75
Corsola,222,Water,Rock,TRUE,FALSE,55,55,85,65,85,35,380,63
Remoraid,223,Water,,FALSE,FALSE,35,65,35,65,35,65,300,50
Octillery,224,Water,,TRUE,FALSE,75,105,75,105,75,45,480,80
Delibird,225,Ice,Flying,TRUE,FALSE,45,55,45,65,45,75,330,55
Mantine,226,Water,Flying,TRUE,FALSE,65,40,70,80,140,70,465,78
Skarmory,227,Steel,Flying,TRUE,FALSE,65,80,140,40,70,70,465,78
Houndour,228,Dark,Fire,FALSE,FALSE,45,60,30,80,50,65,330,55
Houndoom,229,Dark,Fire,TRUE,TRUE,75,90,50,110,80,95,500,83
Kingdra,230,Water,Dragon,TRUE,FALSE,75,95,95,95,95,85,540,90
Phanpy,231,Ground,,FALSE,FALSE,90,60,60,40,40,40,330,55
Donphan,232,Ground,,TRUE,FALSE,90,120,120,60,60,50,500,83
Porygon2,233,Normal,,FALSE,FALSE,85,80,90,105,95,60,515,86
Stantler,234,Normal,,TRUE,FALSE,73,95,62,85,65,85,465,78
Smeargle,235,Normal,,TRUE,FALSE,55,20,35,20,45,75,250,42
Tyrogue,236,Fighting,,FALSE,FALSE,35,35,35,35,35,35,210,35
Hitmontop,237,Fighting,,TRUE,FALSE,50,95,95,35,110,70,455,76
Smoochum,238,Ice,Psychic,FALSE,FALSE,45,30,15,85,65,65,305,51
Elekid,239,Electric,,FALSE,FALSE,45,63,37,65,55,95,360,60
Magby,240,Fire,,FALSE,FALSE,45,75,37,70,55,83,365,61
Miltank,241,Normal,,TRUE,FALSE,95,80,105,40,70,100,490,82
Blissey,242,Normal,,TRUE,FALSE,255,10,10,75,135,55,540,90
Raikou,243,Electric,,TRUE,FALSE,90,85,75,115,100,115,580,97
Entei,244,Fire,,TRUE,FALSE,115,115,85,90,75,100,580,97
Suicune,245,Water,,TRUE,FALSE,100,75,115,90,115,85,580,97
Larvitar,246,Rock,Ground,FALSE,FALSE,50,64,50,45,50,41,300,50
Pupitar,247,Rock,Ground,FALSE,FALSE,70,84,70,65,70,51,410,68
Tyranitar,248,Rock,Dark,TRUE,TRUE,100,134,110,95,100,61,600,100
Lugia,249,Psychic,Flying,TRUE,FALSE,106,90,130,90,154,110,680,113
Ho-Oh,250,Fire,Flying,TRUE,FALSE,106,130,90,110,154,90,680,113
Celebi,251,Psychic,Grass,TRUE,FALSE,100,100,100,100,100,100,600,100
Treecko,252,Grass,,FALSE,FALSE,40,45,35,65,55,70,310,52
Grovyle,253,Grass,,FALSE,FALSE,50,65,45,85,65,95,405,68
Sceptile,254,Grass,,TRUE,TRUE,70,85,65,105,85,120,530,88
Torchic,255,Fire,,FALSE,FALSE,45,60,40,70,50,45,310,52
Combusken,256,Fire,Fighting,FALSE,FALSE,60,85,60,85,60,55,405,68
Blaziken,257,Fire,Fighting,TRUE,TRUE,80,120,70,110,70,80,530,88
Mudkip,258,Water,,FALSE,FALSE,50,70,50,50,50,40,310,52
Marshtomp,259,Water,Ground,FALSE,FALSE,70,85,70,60,70,50,405,68
Swampert,260,Water,Ground,TRUE,TRUE,100,110,90,85,90,60,535,89
Poochyena,261,Dark,,FALSE,FALSE,35,55,35,30,30,35,220,37
Mightyena,262,Dark,,TRUE,FALSE,70,90,70,60,60,70,420,70
Zigzagoon,263,Normal,,FALSE,FALSE,38,30,41,30,41,60,240,40
Linoone,264,Normal,,TRUE,FALSE,78,70,61,50,61,100,420,70
Wurmple,265,Bug,,FALSE,FALSE,45,45,35,20,30,20,195,33
Silcoon,266,Bug,,FALSE,FALSE,50,35,55,25,25,15,205,34
Beautifly,267,Bug,Flying,TRUE,FALSE,60,70,50,100,50,65,395,66
Cascoon,268,Bug,,FALSE,FALSE,50,35,55,25,25,15,205,34
Dustox,269,Bug,Poison,TRUE,FALSE,60,50,70,50,90,65,385,64
Lotad,270,Water,Grass,FALSE,FALSE,40,30,30,40,50,30,220,37
Lombre,271,Water,Grass,FALSE,FALSE,60,50,50,60,70,50,340,57
Ludicolo,272,Water,Grass,TRUE,FALSE,80,70,70,90,100,70,480,80
Seedot,273,Grass,,FALSE,FALSE,40,40,50,30,30,30,220,37
Nuzleaf,274,Grass,Dark,FALSE,FALSE,70,70,40,60,40,60,340,57
Shiftry,275,Grass,Dark,TRUE,FALSE,90,100,60,90,60,80,480,80
Taillow,276,Normal,Flying,FALSE,FALSE,40,55,30,30,30,85,270,45
Swellow,277,Normal,Flying,TRUE,FALSE,60,85,60,50,50,125,430,72
Wingull,278,Water,Flying,FALSE,FALSE,40,30,30,55,30,85,270,45
Pelipper,279,Water,Flying,TRUE,FALSE,60,50,100,85,70,65,430,72
Ralts,280,Psychic,Fairy,FALSE,FALSE,28,25,25,45,35,40,198,33
Kirlia,281,Psychic,Fairy,FALSE,FALSE,38,35,35,65,55,50,278,46
Gardevoir,282,Psychic,Fairy,TRUE,TRUE,68,65,65,125,115,80,518,86
Surskit,283,Bug,Water,FALSE,FALSE,40,30,32,50,52,65,269,45
Masquerain,284,Bug,Flying,TRUE,FALSE,70,60,62,80,82,60,414,69
Shroomish,285,Grass,,FALSE,FALSE,60,40,60,40,60,35,295,49
Breloom,286,Grass,Fighting,TRUE,FALSE,60,130,80,60,60,70,460,77
Slakoth,287,Normal,,FALSE,FALSE,60,60,60,35,35,30,280,47
Vigoroth,288,Normal,,FALSE,FALSE,80,80,80,55,55,90,440,73
Slaking,289,Normal,,TRUE,FALSE,150,160,100,95,65,100,670,112
Nincada,290,Bug,Ground,FALSE,FALSE,31,45,90,30,30,40,266,44
Ninjask,291,Bug,Flying,TRUE,FALSE,61,90,45,50,50,160,456,76
Shedinja,292,Bug,Ghost,TRUE,FALSE,1,90,45,30,30,40,236,39
Whismur,293,Normal,,FALSE,FALSE,64,51,23,51,23,28,240,40
Loudred,294,Normal,,FALSE,FALSE,84,71,43,71,43,48,360,60
Exploud,295,Normal,,TRUE,FALSE,104,91,63,91,73,68,490,82
Makuhita,296,Fighting,,FALSE,FALSE,72,60,30,20,30,25,237,40
Hariyama,297,Fighting,,TRUE,FALSE,144,120,60,40,60,50,474,79
Azurill,298,Normal,Fairy,FALSE,FALSE,50,20,40,20,40,20,190,32
Nosepass,299,Rock,,FALSE,FALSE,30,45,135,45,90,30,375,63
Skitty,300,Normal,,FALSE,FALSE,50,45,45,35,35,50,260,43
Delcatty,301,Normal,,TRUE,FALSE,70,65,65,55,55,70,380,63
Sableye,302,Dark,Ghost,TRUE,TRUE,50,75,75,65,65,50,380,63
Mawile,303,Steel,Fairy,TRUE,TRUE,50,85,85,55,55,50,380,63
Aron,304,Steel,Rock,FALSE,FALSE,50,70,100,40,40,30,330,55
Lairon,305,Steel,Rock,FALSE,FALSE,60,90,140,50,50,40,430,72
Aggron,306,Steel,Rock,TRUE,TRUE,70,110,180,60,60,50,530,88
Meditite,307,Fighting,Psychic,FALSE,FALSE,30,40,55,40,55,60,280,47
Medicham,308,Fighting,Psychic,TRUE,TRUE,60,60,75,60,75,80,410,68
Electrike,309,Electric,,FALSE,FALSE,40,45,40,65,40,65,295,49
Manectric,310,Electric,,TRUE,TRUE,70,75,60,105,60,105,475,79
Plusle,311,Electric,,TRUE,FALSE,60,50,40,85,75,95,405,68
Minun,312,Electric,,TRUE,FALSE,60,40,50,75,85,95,405,68
Volbeat,313,Bug,,TRUE,FALSE,65,73,55,47,75,85,400,67
Illumise,314,Bug,,TRUE,FALSE,65,47,55,73,75,85,400,67
Roselia,315,Grass,Poison,FALSE,FALSE,50,60,45,100,80,65,400,67
Gulpin,316,Poison,,FALSE,FALSE,70,43,53,43,53,40,302,50
Swalot,317,Poison,,TRUE,FALSE,100,73,83,73,83,55,467,78
Carvanha,318,Water,Dark,FALSE,FALSE,45,90,20,65,20,65,305,51
Sharpedo,319,Water,Dark,TRUE,TRUE,70,120,40,95,40,95,460,77
Wailmer,320,Water,,FALSE,FALSE,130,70,35,70,35,60,400,67
Wailord,321,Water,,TRUE,FALSE,170,90,45,90,45,60,500,83
Numel,322,Fire,Ground,FALSE,FALSE,60,60,40,65,45,35,305,51
Camerupt,323,Fire,Ground,TRUE,TRUE,70,100,70,105,75,40,460,77
Torkoal,324,Fire,,TRUE,FALSE,70,85,140,85,70,20,470,78
Spoink,325,Psychic,,FALSE,FALSE,60,25,35,70,80,60,330,55
Grumpig,326,Psychic,,TRUE,FALSE,80,45,65,90,110,80,470,78
Spinda,327,Normal,,TRUE,FALSE,60,60,60,60,60,60,360,60
Trapinch,328,Ground,,FALSE,FALSE,45,100,45,45,45,10,290,48
Vibrava,329,Ground,Dragon,FALSE,FALSE,50,70,50,50,50,70,340,57
Flygon,330,Ground,Dragon,TRUE,FALSE,80,100,80,80,80,100,520,87
Cacnea,331,Grass,,FALSE,FALSE,50,85,40,85,40,35,335,56
Cacturne,332,Grass,Dark,TRUE,FALSE,70,115,60,115,60,55,475,79
Swablu,333,Normal,Flying,FALSE,FALSE,45,40,60,40,75,50,310,52
Altaria,334,Dragon,Flying,TRUE,TRUE,75,70,90,70,105,80,490,82
Zangoose,335,Normal,,TRUE,FALSE,73,115,60,60,60,90,458,76
Seviper,336,Poison,,TRUE,FALSE,73,100,60,100,60,65,458,76
Lunatone,337,Rock,Psychic,TRUE,FALSE,70,55,65,95,85,70,440,73
Solrock,338,Rock,Psychic,TRUE,FALSE,70,95,85,55,65,70,440,73
Barboach,339,Water,Ground,FALSE,FALSE,50,48,43,46,41,60,288,48
Whiscash,340,Water,Ground,TRUE,FALSE,110,78,73,76,71,60,468,78
Corphish,341,Water,,FALSE,FALSE,43,80,65,50,35,35,308,51
Crawdaunt,342,Water,Dark,TRUE,FALSE,63,120,85,90,55,55,468,78
Baltoy,343,Ground,Psychic,FALSE,FALSE,40,40,55,40,70,55,300,50
Claydol,344,Ground,Psychic,TRUE,FALSE,60,70,105,70,120,75,500,83
Lileep,345,Rock,Grass,FALSE,FALSE,66,41,77,61,87,23,355,59
Cradily,346,Rock,Grass,TRUE,FALSE,86,81,97,81,107,43,495,83
Anorith,347,Rock,Bug,FALSE,FALSE,45,95,50,40,50,75,355,59
Armaldo,348,Rock,Bug,TRUE,FALSE,75,125,100,70,80,45,495,83
Feebas,349,Water,,FALSE,FALSE,20,15,20,10,55,80,200,33
Milotic,350,Water,,TRUE,FALSE,95,60,79,100,125,81,540,90
Castform,351,Normal,,TRUE,FALSE,70,70,70,70,70,70,420,70
Kecleon,352,Normal,,TRUE,FALSE,60,90,70,60,120,40,440,73
Shuppet,353,Ghost,,FALSE,FALSE,44,75,35,63,33,45,295,49
Banette,354,Ghost,,TRUE,TRUE,64,115,65,83,63,65,455,76
Duskull,355,Ghost,,FALSE,FALSE,20,40,90,30,90,25,295,49
Dusclops,356,Ghost,,FALSE,FALSE,40,70,130,60,130,25,455,76
Tropius,357,Grass,Flying,TRUE,FALSE,99,68,83,72,87,51,460,77
Chimecho,358,Psychic,,TRUE,FALSE,65,50,70,95,80,65,425,71
Absol,359,Dark,,TRUE,TRUE,65,130,60,75,60,75,465,78
Wynaut,360,Psychic,,FALSE,FALSE,95,23,48,23,48,23,260,43
Snorunt,361,Ice,,FALSE,FALSE,50,50,50,50,50,50,300,50
Glalie,362,Ice,,TRUE,TRUE,80,80,80,80,80,80,480,80
Spheal,363,Ice,Water,FALSE,FALSE,70,40,50,55,50,25,290,48
Sealeo,364,Ice,Water,FALSE,FALSE,90,60,70,75,70,45,410,68
Walrein,365,Ice,Water,TRUE,FALSE,110,80,90,95,90,65,530,88
Clamperl,366,Water,,FALSE,FALSE,35,64,85,74,55,32,345,58
Huntail,367,Water,,TRUE,FALSE,55,104,105,94,75,52,485,81
Gorebyss,368,Water,,TRUE,FALSE,55,84,105,114,75,52,485,81
Relicanth,369,Water,Rock,TRUE,FALSE,100,90,130,45,65,55,485,81
Luvdisc,370,Water,,TRUE,FALSE,43,30,55,40,65,97,330,55
Bagon,371,Dragon,,FALSE,FALSE,45,75,60,40,30,50,300,50
Shelgon,372,Dragon,,FALSE,FALSE,65,95,100,60,50,50,420,70
Salamence,373,Dragon,Flying,TRUE,TRUE,95,135,80,110,80,100,600,100
Beldum,374,Steel,Psychic,FALSE,FALSE,40,55,80,35,60,30,300,50
Metang,375,Steel,Psychic,FALSE,FALSE,60,75,100,55,80,50,420,70
Metagross,376,Steel,Psychic,TRUE,TRUE,80,135,130,95,90,70,600,100
Regirock,377,Rock,,TRUE,FALSE,80,100,200,50,100,50,580,97
Regice,378,Ice,,TRUE,FALSE,80,50,100,100,200,50,580,97
Registeel,379,Steel,,TRUE,FALSE,80,75,150,75,150,50,580,97
Latias,380,Dragon,Psychic,TRUE,TRUE,80,80,90,110,130,110,600,100
Latios,381,Dragon,Psychic,TRUE,TRUE,80,90,80,130,110,110,600,100
Kyogre,382,Water,,TRUE,FALSE,100,100,90,150,140,90,670,112
Groudon,383,Ground,,TRUE,FALSE,100,150,140,100,90,90,670,112
Rayquaza,384,Dragon,Flying,TRUE,TRUE,105,150,90,150,90,95,680,113
Jirachi,385,Steel,Psychic,TRUE,FALSE,100,100,100,100,100,100,600,100
Deoxys-Normal,386,Psychic,,TRUE,FALSE,50,150,50,150,50,150,600,100
Turtwig,387,Grass,,FALSE,FALSE,55,68,64,45,55,31,318,53
Grotle,388,Grass,,FALSE,FALSE,75,89,85,55,65,36,405,68
Torterra,389,Grass,Ground,TRUE,FALSE,95,109,105,75,85,56,525,88
Chimchar,390,Fire,,FALSE,FALSE,44,58,44,58,44,61,309,52
Monferno,391,Fire,Fighting,FALSE,FALSE,64,78,52,78,52,81,405,68
Infernape,392,Fire,Fighting,TRUE,FALSE,76,104,71,104,71,108,534,89
Piplup,393,Water,,FALSE,FALSE,53,51,53,61,56,40,314,52
Prinplup,394,Water,,FALSE,FALSE,64,66,68,81,76,50,405,68
Empoleon,395,Water,Steel,TRUE,FALSE,84,86,88,111,101,60,530,88
Starly,396,Normal,Flying,FALSE,FALSE,40,55,30,30,30,60,245,41
Staravia,397,Normal,Flying,FALSE,FALSE,55,75,50,40,40,80,340,57
Staraptor,398,Normal,Flying,TRUE,FALSE,85,120,70,50,60,100,485,81
Bidoof,399,Normal,,FALSE,FALSE,59,45,40,35,40,31,250,42
Bibarel,400,Normal,Water,TRUE,FALSE,79,85,60,55,60,71,410,68
Kricketot,401,Bug,,FALSE,FALSE,37,25,41,25,41,25,194,32
Kricketune,402,Bug,,TRUE,FALSE,77,85,51,55,51,65,384,64
Shinx,403,Electric,,FALSE,FALSE,45,65,34,40,34,45,263,44
Luxio,404,Electric,,FALSE,FALSE,60,85,49,60,49,60,363,61
Luxray,405,Electric,,TRUE,FALSE,80,120,79,95,79,70,523,87
Budew,406,Grass,Poison,FALSE,FALSE,40,30,35,50,70,55,280,47
Roserade,407,Grass,Poison,TRUE,FALSE,60,70,65,125,105,90,515,86
Cranidos,408,Rock,,FALSE,FALSE,67,125,40,30,30,58,350,58
Rampardos,409,Rock,,TRUE,FALSE,97,165,60,65,50,58,495,83
Shieldon,410,Rock,Steel,FALSE,FALSE,30,42,118,42,88,30,350,58
Bastiodon,411,Rock,Steel,TRUE,FALSE,60,52,168,47,138,30,495,83
Burmy,412,Bug,,FALSE,FALSE,40,29,45,29,45,36,224,37
Wormadam-Plant,413,Bug,Grass,TRUE,FALSE,60,59,85,79,105,36,424,71
Mothim,414,Bug,Flying,TRUE,FALSE,70,94,50,94,50,66,424,71
Combee,415,Bug,Flying,FALSE,FALSE,30,30,42,30,42,70,244,41
Vespiquen,416,Bug,Flying,TRUE,FALSE,70,80,102,80,102,40,474,79
Pachirisu,417,Electric,,TRUE,FALSE,60,45,70,45,90,95,405,68
Buizel,418,Water,,FALSE,FALSE,55,65,35,60,30,85,330,55
Floatzel,419,Water,,TRUE,FALSE,85,105,55,85,50,115,495,83
Cherubi,420,Grass,,FALSE,FALSE,45,35,45,62,53,35,275,46
Cherrim,421,Grass,,TRUE,FALSE,70,60,70,87,78,85,450,75
Shellos,422,Water,,FALSE,FALSE,76,48,48,57,62,34,325,54
Gastrodon,423,Water,Ground,TRUE,FALSE,111,83,68,92,82,39,475,79
Ambipom,424,Normal,,TRUE,FALSE,75,100,66,60,66,115,482,80
Drifloon,425,Ghost,Flying,FALSE,FALSE,90,50,34,60,44,70,348,58
Drifblim,426,Ghost,Flying,TRUE,FALSE,150,80,44,90,54,80,498,83
Buneary,427,Normal,,FALSE,FALSE,55,66,44,44,56,85,350,58
Lopunny,428,Normal,,TRUE,TRUE,65,76,84,54,96,105,480,80
Mismagius,429,Ghost,,TRUE,FALSE,60,60,60,105,105,105,495,83
Honchkrow,430,Dark,Flying,TRUE,FALSE,100,125,52,105,52,71,505,84
Glameow,431,Normal,,FALSE,FALSE,49,55,42,42,37,85,310,52
Purugly,432,Normal,,TRUE,FALSE,71,82,64,64,59,112,452,75
Chingling,433,Psychic,,FALSE,FALSE,45,30,50,65,50,45,285,48
Stunky,434,Poison,Dark,FALSE,FALSE,63,63,47,41,41,74,329,55
Skuntank,435,Poison,Dark,TRUE,FALSE,103,93,67,71,61,84,479,80
Bronzor,436,Steel,Psychic,FALSE,FALSE,57,24,86,24,86,23,300,50
Bronzong,437,Steel,Psychic,TRUE,FALSE,67,89,116,79,116,33,500,83
Bonsly,438,Rock,,FALSE,FALSE,50,80,95,10,45,10,290,48
Mime-Jr,439,Psychic,Fairy,FALSE,FALSE,20,25,45,70,90,60,310,52
Happiny,440,Normal,,FALSE,FALSE,100,5,5,15,65,30,220,37
Chatot,441,Normal,Flying,TRUE,FALSE,76,65,45,92,42,91,411,69
Spiritomb,442,Ghost,Dark,TRUE,FALSE,50,92,108,92,108,35,485,81
Gible,443,Dragon,Ground,FALSE,FALSE,58,70,45,40,45,42,300,50
Gabite,444,Dragon,Ground,FALSE,FALSE,68,90,65,50,55,82,410,68
Garchomp,445,Dragon,Ground,TRUE,TRUE,108,130,95,80,85,102,600,100
Munchlax,446,Normal,,FALSE,FALSE,135,85,40,40,85,5,390,65
Riolu,447,Fighting,,FALSE,FALSE,40,70,40,35,40,60,285,48
Lucario,448,Fighting,Steel,TRUE,TRUE,70,110,70,115,70,90,525,88
Hippopotas,449,Ground,,FALSE,FALSE,68,72,78,38,42,32,330,55
Hippowdon,450,Ground,,TRUE,FALSE,108,112,118,68,72,47,525,88
Skorupi,451,Poison,Bug,FALSE,FALSE,40,50,90,30,55,65,330,55
Drapion,452,Poison,Dark,TRUE,FALSE,70,90,110,60,75,95,500,83
Croagunk,453,Poison,Fighting,FALSE,FALSE,48,61,40,61,40,50,300,50
Toxicroak,454,Poison,Fighting,TRUE,FALSE,83,106,65,86,65,85,490,82
Carnivine,455,Grass,,TRUE,FALSE,74,100,72,90,72,46,454,76
Finneon,456,Water,,FALSE,FALSE,49,49,56,49,61,66,330,55
Lumineon,457,Water,,TRUE,FALSE,69,69,76,69,86,91,460,77
Mantyke,458,Water,Flying,FALSE,FALSE,45,20,50,60,120,50,345,58
Snover,459,Grass,Ice,FALSE,FALSE,60,62,50,62,60,40,334,56
Abomasnow,460,Grass,Ice,TRUE,TRUE,90,92,75,92,85,60,494,82
Weavile,461,Dark,Ice,TRUE,FALSE,70,120,65,45,85,125,510,85
Magnezone,462,Electric,Steel,TRUE,FALSE,70,70,115,130,90,60,535,89
Lickilicky,463,Normal,,TRUE,FALSE,110,85,95,80,95,50,515,86
Rhyperior,464,Ground,Rock,TRUE,FALSE,115,140,130,55,55,40,535,89
Tangrowth,465,Grass,,TRUE,FALSE,100,100,125,110,50,50,535,89
Electivire,466,Electric,,TRUE,FALSE,75,123,67,95,85,95,540,90
Magmortar,467,Fire,,TRUE,FALSE,75,95,67,125,95,83,540,90
Togekiss,468,Fairy,Flying,TRUE,FALSE,85,50,95,120,115,80,545,91
Yanmega,469,Bug,Flying,TRUE,FALSE,86,76,86,116,56,95,515,86
Leafeon,470,Grass,,TRUE,FALSE,65,110,130,60,65,95,525,88
Glaceon,471,Ice,,TRUE,FALSE,65,60,110,130,95,65,525,88
Gliscor,472,Ground,Flying,TRUE,FALSE,75,95,125,45,75,95,510,85
Mamoswine,473,Ice,Ground,TRUE,FALSE,110,130,80,70,60,80,530,88
Porygon-Z,474,Normal,,TRUE,FALSE,85,80,70,135,75,90,535,89
Gallade,475,Psychic,Fighting,TRUE,TRUE,68,125,65,65,115,80,518,86
Probopass,476,Rock,Steel,TRUE,FALSE,60,55,145,75,150,40,525,88
Dusknoir,477,Ghost,,TRUE,FALSE,45,100,135,65,135,45,525,88
Froslass,478,Ice,Ghost,TRUE,FALSE,70,80,70,80,70,110,480,80
Rotom,479,Electric,Ghost,TRUE,FALSE,50,50,77,95,77,91,440,73
Uxie,480,Psychic,,TRUE,FALSE,75,75,130,75,130,95,580,97
Mesprit,481,Psychic,,TRUE,FALSE,80,105,105,105,105,80,580,97
Azelf,482,Psychic,,TRUE,FALSE,75,125,70,125,70,115,580,97
Dialga,483,Steel,Dragon,TRUE,FALSE,100,120,120,150,100,90,680,113
Palkia,484,Water,Dragon,TRUE,FALSE,90,120,100,150,120,100,680,113
Heatran,485,Fire,Steel,TRUE,FALSE,91,90,106,130,106,77,600,100
Regigigas,486,Normal,,TRUE,FALSE,110,160,110,80,110,100,670,112
Giratina-Altered,487,Ghost,Dragon,TRUE,FALSE,150,100,120,100,120,90,680,113
Cresselia,488,Psychic,,TRUE,FALSE,120,70,120,75,130,85,600,100
Phione,489,Water,,FALSE,FALSE,80,80,80,80,80,80,480,80
Manaphy,490,Water,,TRUE,FALSE,100,100,100,100,100,100,600,100
Darkrai,491,Dark,,TRUE,FALSE,70,90,90,135,90,125,600,100
Shaymin-Land,492,Grass,,TRUE,FALSE,100,100,100,100,100,100,600,100
Arceus,493,Normal,,TRUE,FALSE,120,120,120,120,120,120,720,120
Victini,494,Psychic,Fire,TRUE,FALSE,100,100,100,100,100,100,600,100
Snivy,495,Grass,,FALSE,FALSE,45,45,55,45,55,63,308,51
Servine,496,Grass,,FALSE,FALSE,60,60,75,60,75,83,413,69
Serperior,497,Grass,,TRUE,FALSE,75,75,95,75,95,113,528,88
Tepig,498,Fire,,FALSE,FALSE,65,63,45,45,45,45,308,51
Pignite,499,Fire,Fighting,FALSE,FALSE,90,93,55,70,55,55,418,70
Emboar,500,Fire,Fighting,TRUE,FALSE,110,123,65,100,65,65,528,88
Oshawott,501,Water,,FALSE,FALSE,55,55,45,63,45,45,308,51
Dewott,502,Water,,FALSE,FALSE,75,75,60,83,60,60,413,69
Samurott,503,Water,,TRUE,FALSE,95,100,85,108,70,70,528,88
Patrat,504,Normal,,FALSE,FALSE,45,55,39,35,39,42,255,43
Watchog,505,Normal,,TRUE,FALSE,60,85,69,60,69,77,420,70
Lillipup,506,Normal,,FALSE,FALSE,45,60,45,25,45,55,275,46
Herdier,507,Normal,,FALSE,FALSE,65,80,65,35,65,60,370,62
Stoutland,508,Normal,,TRUE,FALSE,85,110,90,45,90,80,500,83
Purrloin,509,Dark,,FALSE,FALSE,41,50,37,50,37,66,281,47
Liepard,510,Dark,,TRUE,FALSE,64,88,50,88,50,106,446,74
Pansage,511,Grass,,FALSE,FALSE,50,53,48,53,48,64,316,53
Simisage,512,Grass,,TRUE,FALSE,75,98,63,98,63,101,498,83
Pansear,513,Fire,,FALSE,FALSE,50,53,48,53,48,64,316,53
Simisear,514,Fire,,TRUE,FALSE,75,98,63,98,63,101,498,83
Panpour,515,Water,,FALSE,FALSE,50,53,48,53,48,64,316,53
Simipour,516,Water,,TRUE,FALSE,75,98,63,98,63,101,498,83
Munna,517,Psychic,,FALSE,FALSE,76,25,45,67,55,24,292,49
Musharna,518,Psychic,,TRUE,FALSE,116,55,85,107,95,29,487,81
Pidove,519,Normal,Flying,FALSE,FALSE,50,55,50,36,30,43,264,44
Tranquill,520,Normal,Flying,FALSE,FALSE,62,77,62,50,42,65,358,60
Unfezant,521,Normal,Flying,TRUE,FALSE,80,115,80,65,55,93,488,81
Blitzle,522,Electric,,FALSE,FALSE,45,60,32,50,32,76,295,49
Zebstrika,523,Electric,,TRUE,FALSE,75,100,63,80,63,116,497,83
Roggenrola,524,Rock,,FALSE,FALSE,55,75,85,25,25,15,280,47
Boldore,525,Rock,,FALSE,FALSE,70,105,105,50,40,20,390,65
Gigalith,526,Rock,,TRUE,FALSE,85,135,130,60,80,25,515,86
Woobat,527,Psychic,Flying,FALSE,FALSE,55,45,43,55,43,72,313,52
Swoobat,528,Psychic,Flying,TRUE,FALSE,67,57,55,77,55,114,425,71
Drilbur,529,Ground,,FALSE,FALSE,60,85,40,30,45,68,328,55
Excadrill,530,Ground,Steel,TRUE,FALSE,110,135,60,50,65,88,508,85
Audino,531,Normal,,TRUE,TRUE,103,60,86,60,86,50,445,74
Timburr,532,Fighting,,FALSE,FALSE,75,80,55,25,35,35,305,51
Gurdurr,533,Fighting,,FALSE,FALSE,85,105,85,40,50,40,405,68
Conkeldurr,534,Fighting,,TRUE,FALSE,105,140,95,55,65,45,505,84
Tympole,535,Water,,FALSE,FALSE,50,50,40,50,40,64,294,49
Palpitoad,536,Water,Ground,FALSE,FALSE,75,65,55,65,55,69,384,64
Seismitoad,537,Water,Ground,TRUE,FALSE,105,95,75,85,75,74,509,85
Throh,538,Fighting,,TRUE,FALSE,120,100,85,30,85,45,465,78
Sawk,539,Fighting,,TRUE,FALSE,75,125,75,30,75,85,465,78
Sewaddle,540,Bug,Grass,FALSE,FALSE,45,53,70,40,60,42,310,52
Swadloon,541,Bug,Grass,FALSE,FALSE,55,63,90,50,80,42,380,63
Leavanny,542,Bug,Grass,TRUE,FALSE,75,103,80,70,80,92,500,83
Venipede,543,Bug,Poison,FALSE,FALSE,30,45,59,30,39,57,260,43
Whirlipede,544,Bug,Poison,FALSE,FALSE,40,55,99,40,79,47,360,60
Scolipede,545,Bug,Poison,TRUE,FALSE,60,100,89,55,69,112,485,81
Cottonee,546,Grass,Fairy,FALSE,FALSE,40,27,60,37,50,66,280,47
Whimsicott,547,Grass,Fairy,TRUE,FALSE,60,67,85,77,75,116,480,80
Petilil,548,Grass,,FALSE,FALSE,45,35,50,70,50,30,280,47
Lilligant,549,Grass,,TRUE,FALSE,70,60,75,110,75,90,480,80
Basculin-Red-Striped,550,Water,,TRUE,FALSE,70,92,65,80,55,98,460,77
Sandile,551,Ground,Dark,FALSE,FALSE,50,72,35,35,35,65,292,49
Krokorok,552,Ground,Dark,FALSE,FALSE,60,82,45,45,45,74,351,59
Krookodile,553,Ground,Dark,TRUE,FALSE,95,117,80,65,70,92,519,87
Darumaka,554,Fire,,FALSE,FALSE,70,90,45,15,45,50,315,53
Darmanitan-Standard,555,Fire,,TRUE,FALSE,105,140,55,30,55,95,480,80
Maractus,556,Grass,,TRUE,FALSE,75,86,67,106,67,60,461,77
Dwebble,557,Bug,Rock,FALSE,FALSE,50,65,85,35,35,55,325,54
Crustle,558,Bug,Rock,TRUE,FALSE,70,95,125,65,75,45,475,79
Scraggy,559,Dark,Fighting,FALSE,FALSE,50,75,70,35,70,48,348,58
Scrafty,560,Dark,Fighting,TRUE,FALSE,65,90,115,45,115,58,488,81
Sigilyph,561,Psychic,Flying,TRUE,FALSE,72,58,80,103,80,97,490,82
Yamask,562,Ghost,,FALSE,FALSE,38,30,85,55,65,30,303,51
Cofagrigus,563,Ghost,,TRUE,FALSE,58,50,145,95,105,30,483,81
Tirtouga,564,Water,Rock,FALSE,FALSE,54,78,103,53,45,22,355,59
Carracosta,565,Water,Rock,TRUE,FALSE,74,108,133,83,65,32,495,83
Archen,566,Rock,Flying,FALSE,FALSE,55,112,45,74,45,70,401,67
Archeops,567,Rock,Flying,TRUE,FALSE,75,140,65,112,65,110,567,95
Trubbish,568,Poison,,FALSE,FALSE,50,50,62,40,62,65,329,55
Garbodor,569,Poison,,TRUE,FALSE,80,95,82,60,82,75,474,79
Zorua,570,Dark,,FALSE,FALSE,40,65,40,80,40,65,330,55
Zoroark,571,Dark,,TRUE,FALSE,60,105,60,120,60,105,510,85
Minccino,572,Normal,,FALSE,FALSE,55,50,40,40,40,75,300,50
Cinccino,573,Normal,,TRUE,FALSE,75,95,60,65,60,115,470,78
Gothita,574,Psychic,,FALSE,FALSE,45,30,50,55,65,45,290,48
Gothorita,575,Psychic,,FALSE,FALSE,60,45,70,75,85,55,390,65
Gothitelle,576,Psychic,,TRUE,FALSE,70,55,95,95,110,65,490,82
Solosis,577,Psychic,,FALSE,FALSE,45,30,40,105,50,20,290,48
Duosion,578,Psychic,,FALSE,FALSE,65,40,50,125,60,30,370,62
Reuniclus,579,Psychic,,TRUE,FALSE,110,65,75,125,85,30,490,82
Ducklett,580,Water,Flying,FALSE,FALSE,62,44,50,44,50,55,305,51
Swanna,581,Water,Flying,TRUE,FALSE,75,87,63,87,63,98,473,79
Vanillite,582,Ice,,FALSE,FALSE,36,50,50,65,60,44,305,51
Vanillish,583,Ice,,FALSE,FALSE,51,65,65,80,75,59,395,66
Vanilluxe,584,Ice,,TRUE,FALSE,71,95,85,110,95,79,535,89
Deerling,585,Normal,Grass,FALSE,FALSE,60,60,50,40,50,75,335,56
Sawsbuck,586,Normal,Grass,TRUE,FALSE,80,100,70,60,70,95,475,79
Emolga,587,Electric,Flying,TRUE,FALSE,55,75,60,75,60,103,428,71
Karrablast,588,Bug,,FALSE,FALSE,50,75,45,40,45,60,315,53
Escavalier,589,Bug,Steel,TRUE,FALSE,70,135,105,60,105,20,495,83
Foongus,590,Grass,Poison,FALSE,FALSE,69,55,45,55,55,15,294,49
Amoonguss,591,Grass,Poison,TRUE,FALSE,114,85,70,85,80,30,464,77
Frillish,592,Water,Ghost,FALSE,FALSE,55,40,50,65,85,40,335,56
Jellicent,593,Water,Ghost,TRUE,FALSE,100,60,70,85,105,60,480,80
Alomomola,594,Water,,TRUE,FALSE,165,75,80,40,45,65,470,78
Joltik,595,Bug,Electric,FALSE,FALSE,50,47,50,57,50,65,319,53
Galvantula,596,Bug,Electric,TRUE,FALSE,70,77,60,97,60,108,472,79
Ferroseed,597,Grass,Steel,FALSE,FALSE,44,50,91,24,86,10,305,51
Ferrothorn,598,Grass,Steel,TRUE,FALSE,74,94,131,54,116,20,489,82
Klink,599,Steel,,FALSE,FALSE,40,55,70,45,60,30,300,50
Klang,600,Steel,,FALSE,FALSE,60,80,95,70,85,50,440,73
Klinklang,601,Steel,,TRUE,FALSE,60,100,115,70,85,90,520,87
Tynamo,602,Electric,,FALSE,FALSE,35,55,40,45,40,60,275,46
Eelektrik,603,Electric,,FALSE,FALSE,65,85,70,75,70,40,405,68
Eelektross,604,Electric,,TRUE,FALSE,85,115,80,105,80,50,515,86
Elgyem,605,Psychic,,FALSE,FALSE,55,55,55,85,55,30,335,56
Beheeyem,606,Psychic,,TRUE,FALSE,75,75,75,125,95,40,485,81
Litwick,607,Ghost,Fire,FALSE,FALSE,50,30,55,65,55,20,275,46
Lampent,608,Ghost,Fire,FALSE,FALSE,60,40,60,95,60,55,370,62
Chandelure,609,Ghost,Fire,TRUE,FALSE,60,55,90,145,90,80,520,87
Axew,610,Dragon,,FALSE,FALSE,46,87,60,30,40,57,320,53
Fraxure,611,Dragon,,FALSE,FALSE,66,117,70,40,50,67,410,68
Haxorus,612,Dragon,,TRUE,FALSE,76,147,90,60,70,97,540,90
Cubchoo,613,Ice,,FALSE,FALSE,55,70,40,60,40,40,305,51
Beartic,614,Ice,,TRUE,FALSE,95,110,80,70,80,50,485,81
Cryogonal,615,Ice,,TRUE,FALSE,70,50,30,95,135,105,485,81
Shelmet,616,Bug,,FALSE,FALSE,50,40,85,40,65,25,305,51
Accelgor,617,Bug,,TRUE,FALSE,80,70,40,100,60,145,495,83
Stunfisk,618,Ground,Electric,TRUE,FALSE,109,66,84,81,99,32,471,79
Mienfoo,619,Fighting,,FALSE,FALSE,45,85,50,55,50,65,350,58
Mienshao,620,Fighting,,TRUE,FALSE,65,125,60,95,60,105,510,85
Druddigon,621,Dragon,,TRUE,FALSE,77,120,90,60,90,48,485,81
Golett,622,Ground,Ghost,FALSE,FALSE,59,74,50,35,50,35,303,51
Golurk,623,Ground,Ghost,TRUE,FALSE,89,124,80,55,80,55,483,81
Pawniard,624,Dark,Steel,FALSE,FALSE,45,85,70,40,40,60,340,57
Bisharp,625,Dark,Steel,TRUE,FALSE,65,125,100,60,70,70,490,82
Bouffalant,626,Normal,,TRUE,FALSE,95,110,95,40,95,55,490,82
Rufflet,627,Normal,Flying,FALSE,FALSE,70,83,50,37,50,60,350,58
Braviary,628,Normal,Flying,TRUE,FALSE,100,123,75,57,75,80,510,85
Vullaby,629,Dark,Flying,FALSE,FALSE,70,55,75,45,65,60,370,62
Mandibuzz,630,Dark,Flying,TRUE,FALSE,110,65,105,55,95,80,510,85
Heatmor,631,Fire,,TRUE,FALSE,85,97,66,105,66,65,484,81
Durant,632,Bug,Steel,TRUE,FALSE,58,109,112,48,48,109,484,81
Deino,633,Dark,Dragon,FALSE,FALSE,52,65,50,45,50,38,300,50
Zweilous,634,Dark,Dragon,FALSE,FALSE,72,85,70,65,70,58,420,70
Hydreigon,635,Dark,Dragon,TRUE,FALSE,92,105,90,125,90,98,600,100
Larvesta,636,Bug,Fire,FALSE,FALSE,55,85,55,50,55,60,360,60
Volcarona,637,Bug,Fire,TRUE,FALSE,85,60,65,135,105,100,550,92
Cobalion,638,Steel,Fighting,TRUE,FALSE,91,90,129,90,72,108,580,97
Terrakion,639,Rock,Fighting,TRUE,FALSE,91,129,90,72,90,108,580,97
Virizion,640,Grass,Fighting,TRUE,FALSE,91,90,72,90,129,108,580,97
Tornadus-Incarnate,641,Flying,,TRUE,FALSE,79,115,70,125,80,111,580,97
Thundurus-Incarnate,642,Electric,Flying,TRUE,FALSE,79,115,70,125,80,111,580,97
Reshiram,643,Dragon,Fire,TRUE,FALSE,100,120,100,150,120,90,680,113
Zekrom,644,Dragon,Electric,TRUE,FALSE,100,150,120,120,100,90,680,113
Landorus-Incarnate,645,Ground,Flying,TRUE,FALSE,89,125,90,115,80,101,600,100
Kyurem,646,Dragon,Ice,TRUE,FALSE,125,130,90,130,90,95,660,110
Keldeo-Ordinary,647,Water,Fighting,TRUE,FALSE,91,72,90,129,90,108,580,97
Meloetta-Aria,648,Normal,Psychic,TRUE,FALSE,100,77,77,128,128,90,600,100
Genesect,649,Bug,Steel,TRUE,FALSE,71,120,95,120,95,99,600,100
Chespin,650,Grass,,FALSE,FALSE,56,61,65,48,45,38,313,52
Quilladin,651,Grass,,FALSE,FALSE,61,78,95,56,58,57,405,68
Chesnaught,652,Grass,Fighting,TRUE,FALSE,88,107,122,74,75,64,530,88
Fennekin,653,Fire,,FALSE,FALSE,40,45,40,62,60,60,307,51
Braixen,654,Fire,,FALSE,FALSE,59,59,58,90,70,73,409,68
Delphox,655,Fire,Psychic,TRUE,FALSE,75,69,72,114,100,104,534,89
Froakie,656,Water,,FALSE,FALSE,41,56,40,62,44,71,314,52
Frogadier,657,Water,,FALSE,FALSE,54,63,52,83,56,97,405,68
Greninja,658,Water,Dark,TRUE,FALSE,72,95,67,103,71,122,530,88
Bunnelby,659,Normal,,FALSE,FALSE,38,36,38,32,36,57,237,40
Diggersby,660,Normal,Ground,TRUE,FALSE,85,56,77,50,77,78,423,71
Fletchling,661,Normal,Flying,FALSE,FALSE,45,50,43,40,38,62,278,46
Fletchinder,662,Fire,Flying,FALSE,FALSE,62,73,55,56,52,84,382,64
Talonflame,663,Fire,Flying,TRUE,FALSE,78,81,71,74,69,126,499,83
Scatterbug,664,Bug,,FALSE,FALSE,38,35,40,27,25,35,200,33
Spewpa,665,Bug,,FALSE,FALSE,45,22,60,27,30,29,213,36
Vivillon,666,Bug,Flying,TRUE,FALSE,80,52,50,90,50,89,411,69
Litleo,667,Fire,Normal,FALSE,FALSE,62,50,58,73,54,72,369,62
Pyroar,668,Fire,Normal,TRUE,FALSE,86,68,72,109,66,106,507,85
Flabebe,669,Fairy,,FALSE,FALSE,44,38,39,61,79,42,303,51
Floette,670,Fairy,,FALSE,FALSE,54,45,47,75,98,52,371,62
Florges,671,Fairy,,TRUE,FALSE,78,65,68,112,154,75,552,92
Skiddo,672,Grass,,FALSE,FALSE,66,65,48,62,57,52,350,58
Gogoat,673,Grass,,TRUE,FALSE,123,100,62,97,81,68,531,89
Pancham,674,Fighting,,FALSE,FALSE,67,82,62,46,48,43,348,58
Pangoro,675,Fighting,Dark,TRUE,FALSE,95,124,78,69,71,58,495,83
Furfrou,676,Normal,,TRUE,FALSE,75,80,60,65,90,102,472,79
Espurr,677,Psychic,,FALSE,FALSE,62,48,54,63,60,68,355,59
Meowstic-Male,678,Psychic,,TRUE,FALSE,74,48,76,83,81,104,466,78
Honedge,679,Steel,Ghost,FALSE,FALSE,45,80,100,35,37,28,325,54
Doublade,680,Steel,Ghost,FALSE,FALSE,59,110,150,45,49,35,448,75
Aegislash-Shield,681,Steel,Ghost,TRUE,FALSE,60,50,150,50,150,60,520,87
Spritzee,682,Fairy,,FALSE,FALSE,78,52,60,63,65,23,341,57
Aromatisse,683,Fairy,,TRUE,FALSE,101,72,72,99,89,29,462,77
Swirlix,684,Fairy,,FALSE,FALSE,62,48,66,59,57,49,341,57
Slurpuff,685,Fairy,,TRUE,FALSE,82,80,86,85,75,72,480,80
Inkay,686,Dark,Psychic,FALSE,FALSE,53,54,53,37,46,45,288,48
Malamar,687,Dark,Psychic,TRUE,FALSE,86,92,88,68,75,73,482,80
Binacle,688,Rock,Water,FALSE,FALSE,42,52,67,39,56,50,306,51
Barbaracle,689,Rock,Water,TRUE,FALSE,72,105,115,54,86,68,500,83
Skrelp,690,Poison,Water,FALSE,FALSE,50,60,60,60,60,30,320,53
Dragalge,691,Poison,Dragon,TRUE,FALSE,65,75,90,97,123,44,494,82
Clauncher,692,Water,,FALSE,FALSE,50,53,62,58,63,44,330,55
Clawitzer,693,Water,,TRUE,FALSE,71,73,88,120,89,59,500,83
Helioptile,694,Electric,Normal,FALSE,FALSE,44,38,33,61,43,70,289,48
Heliolisk,695,Electric,Normal,TRUE,FALSE,62,55,52,109,94,109,481,80
Tyrunt,696,Rock,Dragon,FALSE,FALSE,58,89,77,45,45,48,362,60
Tyrantrum,697,Rock,Dragon,TRUE,FALSE,82,121,119,69,59,71,521,87
Amaura,698,Rock,Ice,FALSE,FALSE,77,59,50,67,63,46,362,60
Aurorus,699,Rock,Ice,TRUE,FALSE,123,77,72,99,92,58,521,87
Sylveon,700,Fairy,,TRUE,FALSE,95,65,65,110,130,60,525,88
Hawlucha,701,Fighting,Flying,TRUE,FALSE,78,92,75,74,63,118,500,83
Dedenne,702,Electric,Fairy,TRUE,FALSE,67,58,57,81,67,101,431,72
Carbink,703,Rock,Fairy,TRUE,FALSE,50,50,150,50,150,50,500,83
Goomy,704,Dragon,,FALSE,FALSE,45,50,35,55,75,40,300,50
Sliggoo,705,Dragon,,FALSE,FALSE,68,75,53,83,113,60,452,75
Goodra,706,Dragon,,TRUE,FALSE,90,100,70,110,150,80,600,100
Klefki,707,Steel,Fairy,TRUE,FALSE,57,80,91,80,87,75,470,78
Phantump,708,Ghost,Grass,FALSE,FALSE,43,70,48,50,60,38,309,52
Trevenant,709,Ghost,Grass,TRUE,FALSE,85,110,76,65,82,56,474,79
Pumpkaboo-Average,710,Ghost,Grass,FALSE,FALSE,49,66,70,44,55,51,335,56
Gourgeist-Average,711,Ghost,Grass,TRUE,FALSE,65,90,122,58,75,84,494,82
Bergmite,712,Ice,,FALSE,FALSE,55,69,85,32,35,28,304,51
Avalugg,713,Ice,,TRUE,FALSE,95,117,184,44,46,28,514,86
Noibat,714,Flying,Dragon,FALSE,FALSE,40,30,35,45,40,55,245,41
Noivern,715,Flying,Dragon,TRUE,FALSE,85,70,80,97,80,123,535,89
Xerneas,716,Fairy,,TRUE,FALSE,126,131,95,131,98,99,680,113
Yveltal,717,Dark,Flying,TRUE,FALSE,126,131,95,131,98,99,680,113
Zygarde,718,Dragon,Ground,TRUE,FALSE,108,100,121,81,95,95,600,100
Diancie,719,Rock,Fairy,TRUE,TRUE,50,100,150,100,150,50,600,100
Hoopa,720,Psychic,Ghost,TRUE,FALSE,80,110,60,150,130,70,600,100
Volcanion,721,Fire,Water,TRUE,FALSE,80,110,120,130,90,70,600,100
